1,Weidar,Langan,wlangan0@pen.io,Male,206.136.228.74
2,Ilka,Sybe,isybe1@angelfire.com,Female,59.2.32.1
3,Tamra,Cocklin,tcocklin2@examiner.com,Female,201.61.82.244
4,Miquela,Easton,measton3@twitpic.com,Female,243.101.120.3
5,Costa,Burnard,cburnard4@bbb.org,Male,114.26.250.26
6,Ignaz,Bert,ibert5@blog.com,Male,204.75.237.250
7,Timmie,Biers,tbiers6@si.edu,Male,58.237.170.110
8,Carmita,Braycotton,cbraycotton7@friendfeed.com,Female,16.159.214.177
9,Redd,Perfect,rperfect8@tmall.com,Male,77.38.212.215
10,Orsola,Bagnold,obagnold9@dmoz.org,Female,127.117.97.133
11,Erny,Valti,evaltia@live.com,Male,62.0.177.32
12,Xavier,Lundie,xlundieb@gmpg.org,Male,5.37.193.80
13,Auberon,Thresher,athresherc@wix.com,Male,92.128.65.251
14,Rodina,Dodshon,rdodshond@un.org,Female,92.251.144.198
15,Domeniga,Iohananof,diohananofe@google.cn,Female,68.42.93.83
16,Ives,Bartalot,ibartalotf@paypal.com,Male,116.219.15.64
17,Laney,Thebes,lthebesg@mozilla.org,Male,145.18.86.171
18,Philip,Redwin,predwinh@angelfire.com,Male,50.114.118.218
19,Halsey,Gradley,hgradleyi@github.com,Male,197.233.78.62
20,Glennis,Dark,gdarkj@virginia.edu,Female,72.47.95.54
21,Krissy,Lanahan,klanahank@pen.io,Female,99.38.28.111
22,Sim,Gallegos,sgallegosl@nps.gov,Male,137.5.12.99
23,Jeramey,Godball,jgodballm@umich.edu,Male,35.62.100.11
24,Janelle,Camacho,jcamachon@auda.org.au,Female,54.159.109.81
25,Roshelle,Llop,rllopo@sakura.ne.jp,Female,27.30.223.105
26,Erna,Tomkiss,etomkissp@blogs.com,Female,129.138.105.215
27,Nancee,Fardy,nfardyq@de.vu,Female,236.70.149.99
28,Aharon,Gellier,agellierr@netvibes.com,Male,46.239.202.138
29,Derek,Braybrookes,dbraybrookess@whitehouse.gov,Male,181.76.151.238
30,Laughton,Tanby,ltanbyt@usda.gov,Male,208.146.174.64
31,Dotti,Esel,deselu@google.com,Female,36.87.196.239
32,Albina,Pawelczyk,apawelczykv@loc.gov,Female,196.199.78.130
33,Barrett,Kyneton,bkynetonw@tumblr.com,Male,120.120.45.228
34,Patience,Nutbrown,pnutbrownx@1und1.de,Female,123.235.218.238
35,Scarface,Doodson,sdoodsony@buzzfeed.com,Male,202.18.162.217
36,Natalie,Clearley,nclearleyz@desdev.cn,Female,8.196.44.34
37,Jonie,Kimblen,jkimblen10@google.pl,Female,161.121.104.78
38,Elena,Dorset,edorset11@weather.com,Female,177.232.168.254
39,Sarita,O'Brogane,sobrogane12@wikispaces.com,Female,247.4.155.69
40,Jeniffer,Matten,jmatten13@pen.io,Female,85.101.45.83
41,Hilarius,Southam,hsoutham14@google.com,Male,201.252.212.102
42,Webb,Kopfen,wkopfen15@guardian.co.uk,Male,251.69.199.63
43,Alphonso,Tarpey,atarpey16@usgs.gov,Male,250.234.248.27
44,Jess,Luscott,jluscott17@narod.ru,Female,63.222.164.232
45,Paolo,Pecha,ppecha18@ifeng.com,Male,40.68.175.19
46,Margalit,Loughlan,mloughlan19@chicagotribune.com,Female,234.39.157.49
47,Kiel,Geibel,kgeibel1a@tinypic.com,Male,226.173.132.72
48,Valera,Beurich,vbeurich1b@so-net.ne.jp,Female,21.72.122.7
49,Tommy,Bischop,tbischop1c@infoseek.co.jp,Male,187.54.23.203
50,Janela,Briddle,jbriddle1d@arstechnica.com,Female,47.249.157.63
51,Diena,Lauridsen,dlauridsen1e@opensource.org,Female,25.90.224.9
52,Marta,Huckel,mhuckel1f@dell.com,Female,26.232.146.77
53,Borden,Sydall,bsydall1g@irs.gov,Male,73.26.35.102
54,Stephie,Skein,sskein1h@mail.ru,Female,156.155.156.226
55,Correy,Jarret,cjarret1i@mapy.cz,Male,196.93.152.27
56,Wilone,Eilhermann,weilhermann1j@redcross.org,Female,142.174.202.132
57,Vivienne,Handslip,vhandslip1k@cornell.edu,Female,157.175.195.205
58,Sibley,Kedward,skedward1l@about.com,Female,189.142.33.138
59,Josh,Gwyn,jgwyn1m@yahoo.com,Male,239.184.123.99
60,Merline,Arpin,marpin1n@accuweather.com,Female,144.84.221.191
61,Willamina,Hillen,whillen1o@skyrock.com,Female,248.32.223.84
62,Kristoforo,Jewell,kjewell1p@google.com.hk,Male,156.9.220.68
63,Phaedra,Taffrey,ptaffrey1q@blogspot.com,Female,135.155.108.143
64,Nicol,Dixon,ndixon1r@reddit.com,Male,238.194.239.42
65,Rockey,de Juares,rdejuares1s@cisco.com,Male,206.119.249.22
66,Lavina,Trahear,ltrahear1t@blogspot.com,Female,116.219.188.154
67,Amalee,Hampshire,ahampshire1u@mozilla.org,Female,126.219.239.18
68,Birk,Pheasant,bpheasant1v@dedecms.com,Male,23.21.179.180
69,Jude,Youd,jyoud1w@amazon.de,Male,222.50.187.189
70,Hurleigh,Pietrowski,hpietrowski1x@ftc.gov,Male,92.56.132.217
71,Julianna,Brealey,jbrealey1y@vimeo.com,Female,198.43.153.22
72,Owen,Cicutto,ocicutto1z@opera.com,Male,130.61.125.39
73,Grange,McFadden,gmcfadden20@bbc.co.uk,Male,50.205.117.206
74,Shirlee,Jurn,sjurn21@scientificamerican.com,Female,36.166.228.42
75,Willette,Calyton,wcalyton22@wikia.com,Female,97.118.20.145
76,Christiana,Cuthbert,ccuthbert23@samsung.com,Female,230.192.112.99
77,Tobit,Vanichev,tvanichev24@home.pl,Male,56.123.113.105
78,Audrie,Ratley,aratley25@alibaba.com,Female,33.169.224.13
79,Callie,Fearnyough,cfearnyough26@barnesandnoble.com,Female,124.140.58.104
80,Blanca,Pitway,bpitway27@sohu.com,Female,26.58.130.128
81,Chilton,Game,cgame28@alexa.com,Male,119.244.105.34
82,Skipp,Matteris,smatteris29@stanford.edu,Male,30.198.107.67
83,Paulita,Fawcett,pfawcett2a@paginegialle.it,Female,219.61.226.156
84,Minnnie,MacGaughey,mmacgaughey2b@unesco.org,Female,254.151.99.189
85,Phedra,MacAllister,pmacallister2c@gmpg.org,Female,12.173.24.27
86,Tome,Chooter,tchooter2d@theatlantic.com,Male,34.173.148.56
87,Maible,Fillis,mfillis2e@msn.com,Female,109.196.51.228
88,Celesta,Beddin,cbeddin2f@jalbum.net,Female,201.195.254.20
89,Dulcea,Torrie,dtorrie2g@weebly.com,Female,51.85.165.71
90,Donall,Baison,dbaison2h@google.de,Male,151.5.236.196
91,Amble,Faulkener,afaulkener2i@flickr.com,Male,238.64.163.85
92,Georgie,Kirtlan,gkirtlan2j@narod.ru,Male,244.53.2.217
93,Bryon,Finder,bfinder2k@xrea.com,Male,113.249.76.8
94,Ally,Endacott,aendacott2l@comsenz.com,Female,194.3.157.250
95,Zorina,Adrian,zadrian2m@twitpic.com,Female,155.236.87.189
96,Nellie,Ruperto,nruperto2n@usgs.gov,Female,120.19.203.193
97,Brucie,Tolemache,btolemache2o@ucoz.ru,Male,204.21.226.231
98,Bennie,Gillow,bgillow2p@domainmarket.com,Female,245.255.208.114
99,Kara-lynn,Fouracres,kfouracres2q@bandcamp.com,Female,120.141.27.187
100,Maritsa,Galey,mgaley2r@slate.com,Female,149.42.88.232
101,Brittani,Keford,bkeford2s@tinypic.com,Female,190.20.33.139
102,Marv,Lethbury,mlethbury2t@cbsnews.com,Male,31.64.8.146
103,Anna-diane,Chiene,achiene2u@unesco.org,Female,191.220.74.149
104,Laughton,Pachta,lpachta2v@state.tx.us,Male,218.17.50.81
105,Irma,Staziker,istaziker2w@kickstarter.com,Female,181.25.53.228
106,Rockie,Huguet,rhuguet2x@sbwire.com,Male,200.227.50.173
107,Grady,Hounsome,ghounsome2y@oracle.com,Male,179.63.234.219
108,Paquito,Pele,ppele2z@cmu.edu,Male,7.93.13.248
109,Jaquenetta,Stinson,jstinson30@jiathis.com,Female,118.13.44.222
110,Alfons,Soppit,asoppit31@imdb.com,Male,151.95.118.17
111,Kendricks,Curedale,kcuredale32@springer.com,Male,2.239.241.27
112,Brockie,McAteer,bmcateer33@army.mil,Male,25.240.251.183
113,Lyon,Danielut,ldanielut34@google.cn,Male,205.52.50.67
114,Eba,Rosenhaupt,erosenhaupt35@wikipedia.org,Female,194.139.208.186
115,Isidor,MacNockater,imacnockater36@unblog.fr,Male,28.28.113.64
116,Bambi,Samson,bsamson37@ustream.tv,Female,243.191.178.13
117,Reggi,Kelberman,rkelberman38@pen.io,Female,161.217.155.80
118,Winfred,Pothergill,wpothergill39@stanford.edu,Male,170.159.176.155
119,Christoper,Fontaine,cfontaine3a@go.com,Male,178.215.83.137
120,Gilli,Mariet,gmariet3b@howstuffworks.com,Female,51.209.227.179
121,Heddie,Minchinton,hminchinton3c@4shared.com,Female,222.8.229.96
122,Etheline,Stanett,estanett3d@shop-pro.jp,Female,24.255.169.110
123,Jasun,Skunes,jskunes3e@princeton.edu,Male,108.136.155.96
124,Corliss,Rust,crust3f@1und1.de,Female,11.97.249.55
125,Kirsten,Sparshett,ksparshett3g@cnn.com,Female,186.199.165.82
126,Wren,Halloran,whalloran3h@blogtalkradio.com,Female,222.146.186.158
127,Teodoro,Nunes Nabarro,tnunesnabarro3i@gov.uk,Male,159.100.146.70
128,Cher,Brodeur,cbrodeur3j@vimeo.com,Female,254.80.74.196
129,Bren,Handyside,bhandyside3k@last.fm,Male,210.210.90.147
130,Izabel,Masic,imasic3l@washingtonpost.com,Female,35.128.233.22
131,Adrian,Standeven,astandeven3m@soup.io,Male,128.33.229.239
132,Fran,Fruish,ffruish3n@digg.com,Female,241.98.52.233
133,Wrennie,Amdohr,wamdohr3o@timesonline.co.uk,Female,32.130.166.190
134,Clem,Pinner,cpinner3p@economist.com,Female,76.49.248.134
135,Magda,Stieger,mstieger3q@blogtalkradio.com,Female,250.178.17.218
136,Kevon,Phelips,kphelips3r@intel.com,Male,161.44.87.103
137,Dalli,Dredge,ddredge3s@seattletimes.com,Male,172.12.166.226
138,Suki,Reffe,sreffe3t@blogger.com,Female,7.214.199.56
139,Grace,Cadany,gcadany3u@drupal.org,Male,40.244.174.199
140,Raoul,Darragh,rdarragh3v@studiopress.com,Male,173.164.93.9
141,Grantham,Strowger,gstrowger3w@cornell.edu,Male,114.248.111.150
142,Emlen,Tattersfield,etattersfield3x@myspace.com,Male,156.121.95.223
143,Haroun,Skegg,hskegg3y@storify.com,Male,186.254.78.26
144,Austine,Leist,aleist3z@utexas.edu,Female,176.218.36.190
145,Dominique,Dunbar,ddunbar40@ezinearticles.com,Female,76.33.230.139
146,Agna,Johnys,ajohnys41@tamu.edu,Female,119.65.242.187
147,Jewel,Verbeek,jverbeek42@sogou.com,Female,23.165.201.207
148,Heidie,Heasly,hheasly43@msn.com,Female,79.207.64.139
149,Audrye,Caney,acaney44@pen.io,Female,41.44.104.61
150,Cory,Bolstridge,cbolstridge45@alexa.com,Male,100.0.176.153
151,Cointon,Gealy,cgealy46@home.pl,Male,63.133.11.107
152,Larry,Blaine,lblaine47@vinaora.com,Male,158.114.131.93
153,Danny,Racine,dracine48@hao123.com,Male,74.138.81.48
154,Benjamin,Lincke,blincke49@vkontakte.ru,Male,101.155.86.33
155,Timmie,Cordle,tcordle4a@dyndns.org,Male,115.19.68.213
156,Annecorinne,Brombell,abrombell4b@sbwire.com,Female,118.68.168.122
157,Jens,Lacy,jlacy4c@redcross.org,Male,32.180.114.159
158,Loria,Ogden,logden4d@examiner.com,Female,93.241.103.55
159,Myrah,Hakey,mhakey4e@theguardian.com,Female,68.171.229.213
160,Collin,Bedrosian,cbedrosian4f@multiply.com,Male,231.96.125.75
161,Mignonne,Girardini,mgirardini4g@answers.com,Female,57.1.127.165
162,Petey,Stairmond,pstairmond4h@shop-pro.jp,Male,20.96.250.178
163,Lazaro,Thorington,lthorington4i@smh.com.au,Male,69.203.133.143
164,Jami,Baber,jbaber4j@marketwatch.com,Female,164.111.109.212
165,Clayborne,Zottoli,czottoli4k@foxnews.com,Male,202.164.152.28
166,Haze,Badrick,hbadrick4l@ifeng.com,Male,16.170.158.222
167,Abeu,Paynes,apaynes4m@guardian.co.uk,Male,14.160.68.182
168,Tulley,Blasik,tblasik4n@businessinsider.com,Male,41.46.210.72
169,Eustace,Varga,evarga4o@nba.com,Male,156.57.26.229
170,Lauren,Recke,lrecke4p@yolasite.com,Male,230.209.196.65
171,Mal,Quoit,mquoit4q@soup.io,Male,147.160.120.218
172,Adrien,Ortas,aortas4r@guardian.co.uk,Male,15.12.227.138
173,Bunny,Kemsley,bkemsley4s@wordpress.org,Female,187.142.156.181
174,Sherri,Ambrosoli,sambrosoli4t@google.ru,Female,95.205.81.88
175,Rouvin,Stidworthy,rstidworthy4u@digg.com,Male,65.34.195.114
176,Thorpe,Sowman,tsowman4v@bbc.co.uk,Male,209.155.182.51
177,Allister,Riha,ariha4w@e-recht24.de,Male,86.108.30.57
178,Johnathan,Eberz,jeberz4x@hexun.com,Male,57.83.62.116
179,Masha,Lansley,mlansley4y@rakuten.co.jp,Female,42.50.172.194
180,Tatum,Gremain,tgremain4z@biglobe.ne.jp,Female,58.221.221.71
181,Orrin,Hurton,ohurton50@meetup.com,Male,113.118.173.55
182,Sheffield,Degenhardt,sdegenhardt51@blinklist.com,Male,228.83.231.154
183,Guillermo,Cuolahan,gcuolahan52@mapquest.com,Male,10.87.47.51
184,Griz,Lewsley,glewsley53@webmd.com,Male,29.198.136.93
185,Kari,Frantzeni,kfrantzeni54@slashdot.org,Female,182.195.186.173
186,Alessandro,Myatt,amyatt55@ebay.com,Male,221.56.60.186
187,Dario,Bafford,dbafford56@loc.gov,Male,64.249.192.53
188,Ode,Terris,oterris57@comcast.net,Male,203.155.19.3
189,Valle,Brunroth,vbrunroth58@istockphoto.com,Male,29.84.209.168
190,Bellanca,Fernier,bfernier59@ifeng.com,Female,114.125.168.81
191,Ken,Hammand,khammand5a@flavors.me,Male,242.66.162.58
192,Annmarie,Mepham,amepham5b@youtu.be,Female,22.83.98.155
193,Merwyn,Lavis,mlavis5c@wikispaces.com,Male,189.82.101.137
194,Conni,Grent,cgrent5d@etsy.com,Female,215.127.73.62
195,Chancey,Walters,cwalters5e@statcounter.com,Male,249.67.183.158
196,Dorice,Golthorpp,dgolthorpp5f@youtube.com,Female,57.53.132.43
197,Megan,Gawkes,mgawkes5g@cnbc.com,Female,22.243.115.24
198,Godfrey,Tommaseo,gtommaseo5h@sina.com.cn,Male,164.3.181.212
199,Allister,Varty,avarty5i@uol.com.br,Male,37.126.167.117
200,Nehemiah,MacKey,nmackey5j@godaddy.com,Male,2.229.19.245
201,Cullan,Amaya,camaya5k@fda.gov,Male,238.63.14.97
202,Rudie,Jeandot,rjeandot5l@ucsd.edu,Male,22.128.137.25
203,Brandy,Lakeland,blakeland5m@ox.ac.uk,Female,241.11.160.96
204,Darnall,Mayer,dmayer5n@businesswire.com,Male,110.13.38.210
205,Griff,Ropkins,gropkins5o@fema.gov,Male,53.88.180.135
206,Clovis,Durdle,cdurdle5p@facebook.com,Female,228.167.163.55
207,Curcio,Kettlesing,ckettlesing5q@nbcnews.com,Male,129.156.108.230
208,Corey,Alldis,calldis5r@guardian.co.uk,Female,83.153.135.165
209,Conn,Reichelt,creichelt5s@hhs.gov,Male,84.85.71.166
210,Dorie,Asaaf,dasaaf5t@chron.com,Male,216.183.103.72
211,Lek,Shankland,lshankland5u@pbs.org,Male,14.114.61.27
212,Susana,Glasscoe,sglasscoe5v@dyndns.org,Female,86.23.8.51
213,Merry,Clemence,mclemence5w@w3.org,Male,12.204.89.171
214,Lacie,Thorneywork,lthorneywork5x@nhs.uk,Female,22.64.253.35
215,Somerset,Heibl,sheibl5y@smh.com.au,Male,110.34.13.44
216,Gustave,Hoyer,ghoyer5z@buzzfeed.com,Male,183.59.15.240
217,Laurens,Stickler,lstickler60@addtoany.com,Male,164.131.158.64
218,Dorise,Freer,dfreer61@ucla.edu,Female,97.32.161.81
219,Andrey,Clementson,aclementson62@taobao.com,Male,78.228.214.43
220,Dixie,Soppit,dsoppit63@bloglines.com,Female,33.27.171.139
221,Gothart,Gilhool,ggilhool64@newsvine.com,Male,156.252.200.180
222,Silvano,Duffrie,sduffrie65@histats.com,Male,6.112.1.36
223,Bennie,Lebarree,blebarree66@tiny.cc,Female,32.213.198.151
224,Bordy,Myhill,bmyhill67@cbslocal.com,Male,197.109.93.47
225,Lark,Sore,lsore68@myspace.com,Female,195.12.11.104
226,Shermie,Drury,sdrury69@whitehouse.gov,Male,39.141.112.91
227,Leodora,Wagge,lwagge6a@usa.gov,Female,153.2.142.152
228,Caterina,Catterall,ccatterall6b@home.pl,Female,102.34.8.162
229,Peterus,Ruegg,pruegg6c@scribd.com,Male,94.53.151.131
230,Fayre,Hundey,fhundey6d@salon.com,Female,93.254.162.25
231,Marianna,Conyer,mconyer6e@comsenz.com,Female,161.55.137.80
232,Aura,Lavallie,alavallie6f@mashable.com,Female,110.126.146.24
233,Si,Dubber,sdubber6g@webmd.com,Male,53.210.69.236
234,Herminia,De Bruin,hdebruin6h@mail.ru,Female,29.230.242.183
235,Flor,Garlee,fgarlee6i@technorati.com,Female,33.137.254.201
236,Giraud,Nockalls,gnockalls6j@google.com.br,Male,76.102.194.202
237,Graehme,Dorie,gdorie6k@blog.com,Male,233.250.111.227
238,Wiatt,Dallicott,wdallicott6l@google.com.au,Male,198.78.164.160
239,Aaron,Rowter,arowter6m@hhs.gov,Male,127.73.79.104
240,Robby,Salla,rsalla6n@ed.gov,Male,110.199.122.181
241,Olivette,Rowaszkiewicz,orowaszkiewicz6o@businessinsider.com,Female,142.225.122.192
242,Rakel,Kuhnke,rkuhnke6p@toplist.cz,Female,101.82.223.24
243,Gauthier,Marple,gmarple6q@de.vu,Male,116.61.153.20
244,Sheridan,Blayd,sblayd6r@google.co.uk,Male,72.140.134.177
245,Nels,Bendell,nbendell6s@hibu.com,Male,109.171.254.80
246,Ingar,Walklett,iwalklett6t@irs.gov,Male,144.230.139.216
247,Paule,Muncaster,pmuncaster6u@wikispaces.com,Female,166.161.123.13
248,Bunny,Rickards,brickards6v@com.com,Female,168.150.112.225
249,Andie,Veare,aveare6w@mac.com,Male,86.125.161.232
250,Phil,Whittington,pwhittington6x@homestead.com,Male,155.27.56.205
251,Lisha,Bailiss,lbailiss6y@irs.gov,Female,248.77.139.183
252,Lynnette,Larratt,llarratt6z@springer.com,Female,228.4.199.226
253,Cassondra,Pohlke,cpohlke70@wikia.com,Female,158.107.6.161
254,Diane,Chmiel,dchmiel71@dedecms.com,Female,124.117.162.2
255,Cynthy,Boni,cboni72@addtoany.com,Female,9.26.51.121
256,Merla,Castagnaro,mcastagnaro73@hao123.com,Female,138.159.153.54
257,Kati,Boyton,kboyton74@jimdo.com,Female,106.116.115.255
258,Crin,Kick,ckick75@tinypic.com,Female,135.145.181.128
259,Dar,Ekell,dekell76@unicef.org,Male,140.47.120.0
260,Heindrick,Casina,hcasina77@sogou.com,Male,243.240.179.143
261,Drucill,Brockhurst,dbrockhurst78@comcast.net,Female,254.234.0.85
262,Aileen,Perot,aperot79@google.de,Female,227.174.248.133
263,Chelsey,Mechan,cmechan7a@gmpg.org,Female,9.144.203.139
264,Clementius,Gladdin,cgladdin7b@trellian.com,Male,227.220.254.242
265,Hewitt,Riceards,hriceards7c@phoca.cz,Male,224.44.199.60
266,Callean,Baldick,cbaldick7d@bbb.org,Male,105.224.238.102
267,Nalani,Hynes,nhynes7e@vkontakte.ru,Female,19.140.213.197
268,Theresa,Durant,tdurant7f@xrea.com,Female,76.111.186.130
269,Cliff,Karsh,ckarsh7g@gnu.org,Male,30.102.158.92
270,Thatch,Biddell,tbiddell7h@addthis.com,Male,128.158.189.197
271,Adan,Brands,abrands7i@slashdot.org,Male,122.134.188.241
272,Karly,Diggins,kdiggins7j@tinypic.com,Female,104.108.8.49
273,Bronny,Redwall,bredwall7k@webs.com,Male,239.206.94.1
274,Joshua,Stanlick,jstanlick7l@wisc.edu,Male,199.181.196.120
275,Devora,Plowright,dplowright7m@sfgate.com,Female,149.143.27.148
276,Gusta,Pottle,gpottle7n@yellowpages.com,Female,38.130.134.50
277,Stanford,Herion,sherion7o@rakuten.co.jp,Male,78.242.29.164
278,Hilda,Winkell,hwinkell7p@accuweather.com,Female,72.103.102.173
279,Chiquita,Meatcher,cmeatcher7q@so-net.ne.jp,Female,24.177.96.19
280,Valera,Corssen,vcorssen7r@house.gov,Female,97.66.211.61
281,Neils,Wimes,nwimes7s@zdnet.com,Male,155.51.101.226
282,Abran,Whiles,awhiles7t@europa.eu,Male,175.251.138.195
283,Bart,Crafter,bcrafter7u@youtube.com,Male,221.148.128.91
284,Aloisia,Voisey,avoisey7v@state.tx.us,Female,248.59.224.105
285,Rawley,Osgordby,rosgordby7w@blogger.com,Male,79.123.190.219
286,Marijo,Mully,mmully7x@ox.ac.uk,Female,9.56.123.172
287,Marleah,Scotfurth,mscotfurth7y@thetimes.co.uk,Female,91.249.146.61
288,Jorgan,Kenningley,jkenningley7z@lycos.com,Male,164.199.50.146
289,Damien,Phelip,dphelip80@wiley.com,Male,221.88.86.165
290,Tansy,Blastock,tblastock81@mysql.com,Female,194.163.95.201
291,Vidovic,Style,vstyle82@zdnet.com,Male,108.126.136.244
292,Honoria,Chatin,hchatin83@people.com.cn,Female,31.166.191.236
293,Jacqui,Labern,jlabern84@mozilla.org,Female,116.106.253.130
294,Melvin,Pittendreigh,mpittendreigh85@mlb.com,Male,203.219.237.54
295,Wolfy,Shalliker,wshalliker86@hc360.com,Male,111.76.221.9
296,Tad,Kierans,tkierans87@istockphoto.com,Male,224.42.211.119
297,Alvira,Carse,acarse88@oaic.gov.au,Female,228.73.118.241
298,Wallie,De Caville,wdecaville89@bing.com,Male,54.83.70.7
299,Crystal,Maltster,cmaltster8a@ameblo.jp,Female,242.178.216.14
300,Caresa,Extill,cextill8b@ameblo.jp,Female,164.147.61.241
301,Bradly,Peinton,bpeinton8c@stumbleupon.com,Male,41.99.76.176
302,Antoine,O'Hern,aohern8d@privacy.gov.au,Male,177.143.135.159
303,Lida,Pregel,lpregel8e@bizjournals.com,Female,197.88.129.43
304,Kerstin,Pressdee,kpressdee8f@stanford.edu,Female,210.84.217.142
305,Reece,Bonome,rbonome8g@china.com.cn,Male,238.135.201.109
306,Ferguson,Klyn,fklyn8h@virginia.edu,Male,44.150.81.224
307,Barnie,Ollenbuttel,bollenbuttel8i@homestead.com,Male,119.221.115.192
308,Claribel,Holburn,cholburn8j@posterous.com,Female,191.128.183.202
309,Marjorie,MacPaik,mmacpaik8k@xing.com,Female,63.92.82.217
310,Isabeau,Dioniso,idioniso8l@dagondesign.com,Female,13.190.8.248
311,Tristan,Letts,tletts8m@livejournal.com,Male,253.0.1.67
312,Emmi,Blissett,eblissett8n@tiny.cc,Female,131.197.246.110
313,Cristobal,Quinnette,cquinnette8o@ameblo.jp,Male,47.86.86.230
314,Reuben,Oldale,roldale8p@noaa.gov,Male,124.83.62.2
315,Abeu,Knagges,aknagges8q@huffingtonpost.com,Male,193.202.162.125
316,Fayth,Lightbown,flightbown8r@i2i.jp,Female,42.9.167.15
317,Romola,Scutter,rscutter8s@de.vu,Female,145.115.177.42
318,Derrek,Trusse,dtrusse8t@tamu.edu,Male,34.178.103.154
319,Kizzee,Cossey,kcossey8u@drupal.org,Female,32.210.157.66
320,Alisun,Shegog,ashegog8v@kickstarter.com,Female,131.199.246.46
321,Antonius,Oldall,aoldall8w@army.mil,Male,185.149.236.33
322,Maddy,Liverock,mliverock8x@usgs.gov,Male,121.240.149.14
323,Bryna,Pohl,bpohl8y@google.de,Female,38.205.197.232
324,Tabbie,Treffrey,ttreffrey8z@census.gov,Female,238.69.3.63
325,Ginny,Argabrite,gargabrite90@house.gov,Female,141.36.170.195
326,Loreen,Jefferd,ljefferd91@posterous.com,Female,163.40.86.232
327,Leoine,Drysdale,ldrysdale92@cornell.edu,Female,125.186.155.96
328,Nickolaus,Breagan,nbreagan93@canalblog.com,Male,215.104.70.161
329,Mufi,Digance,mdigance94@shinystat.com,Female,37.114.191.74
330,Josh,Malarkey,jmalarkey95@fema.gov,Male,3.243.21.193
331,Chloris,Youthead,cyouthead96@comsenz.com,Female,126.91.109.10
332,Arleta,Salvage,asalvage97@ibm.com,Female,205.245.170.74
333,Jeramey,Marion,jmarion98@yellowbook.com,Male,166.53.196.137
334,Griff,Payton,gpayton99@xing.com,Male,117.142.67.47
335,Baily,Skeggs,bskeggs9a@list-manage.com,Male,246.37.105.217
336,Jone,Fitzsimmons,jfitzsimmons9b@xinhuanet.com,Male,157.131.71.225
337,Fletcher,Bosquet,fbosquet9c@jalbum.net,Male,213.91.75.14
338,Charin,Thornally,cthornally9d@mediafire.com,Female,154.254.116.123
339,Micheline,Braunds,mbraunds9e@free.fr,Female,176.189.140.86
340,Hirsch,Farens,hfarens9f@nba.com,Male,96.193.2.68
341,Joana,Kleingrub,jkleingrub9g@amazon.co.uk,Female,144.225.88.132
342,L;urette,Hardwicke,lhardwicke9h@sogou.com,Female,141.219.1.166
343,Iosep,Widger,iwidger9i@domainmarket.com,Male,254.248.144.110
344,Kimberlyn,Rosell,krosell9j@is.gd,Female,238.22.197.13
345,Quintana,Ludlamme,qludlamme9k@rediff.com,Female,178.98.219.165
346,Arnaldo,Senechell,asenechell9l@princeton.edu,Male,57.83.157.57
347,Tallou,MacMenamin,tmacmenamin9m@unicef.org,Female,245.132.19.156
348,Franny,Selcraig,fselcraig9n@shutterfly.com,Male,60.180.232.248
349,Ellie,Gluyus,egluyus9o@ebay.com,Female,186.207.63.22
350,Ailis,Benyon,abenyon9p@webeden.co.uk,Female,101.66.235.249
351,Aron,Kolin,akolin9q@printfriendly.com,Male,134.71.125.23
352,Koressa,Catenot,kcatenot9r@deviantart.com,Female,50.180.142.167
353,Uriel,Enden,uenden9s@cnet.com,Male,10.254.80.147
354,Nealon,McFade,nmcfade9t@hubpages.com,Male,45.23.163.74
355,Brigg,Ciccoloi,bciccoloi9u@utexas.edu,Male,114.184.38.14
356,Tracey,Steeden,tsteeden9v@sfgate.com,Male,130.231.183.122
357,Kerrill,Lewsy,klewsy9w@home.pl,Female,64.221.202.175
358,Averell,Roskilly,aroskilly9x@woothemes.com,Male,192.192.104.21
359,Kenneth,Mc Grath,kmcgrath9y@infoseek.co.jp,Male,213.48.139.160
360,Bondy,Lambart,blambart9z@meetup.com,Male,76.236.239.58
361,Chrystal,Stripling,cstriplinga0@blogger.com,Female,224.33.12.67
362,Ezekiel,Vynoll,evynolla1@pen.io,Male,144.77.134.185
363,Sephira,Edling,sedlinga2@usda.gov,Female,242.24.207.7
364,Nealon,Emson,nemsona3@devhub.com,Male,253.123.18.18
365,Yurik,Wooldridge,ywooldridgea4@bbc.co.uk,Male,42.117.7.206
366,Ulrica,Mellodey,umellodeya5@usda.gov,Female,110.25.248.181
367,Nehemiah,Desvignes,ndesvignesa6@wikia.com,Male,177.86.177.243
368,Raddie,Elderidge,relderidgea7@senate.gov,Male,147.204.218.29
369,Stacee,Tyres,styresa8@weibo.com,Male,208.0.231.118
370,Brody,Shyres,bshyresa9@about.com,Male,183.125.110.53
371,Clarine,Cuer,ccueraa@myspace.com,Female,176.112.98.18
372,Sophey,Viggers,sviggersab@guardian.co.uk,Female,55.159.134.201
373,Halsy,Ballintyne,hballintyneac@amazon.com,Male,188.130.59.11
374,Cortie,Brookhouse,cbrookhousead@latimes.com,Male,242.246.194.35
375,Meriel,Woodger,mwoodgerae@nature.com,Female,124.227.63.183
376,Nickey,Chappell,nchappellaf@elegantthemes.com,Male,1.83.152.75
377,Melinda,Deedes,mdeedesag@patch.com,Female,146.188.219.14
378,Edwina,Powlett,epowlettah@yandex.ru,Female,54.12.0.237
379,Elizabeth,Waugh,ewaughai@hc360.com,Female,61.137.226.158
380,Halsy,Kail,hkailaj@reference.com,Male,195.227.123.109
381,Addy,Bolan,abolanak@oracle.com,Male,28.113.158.193
382,Aloysia,Redihough,aredihoughal@clickbank.net,Female,199.76.22.76
383,Doralynne,Barstowk,dbarstowkam@nbcnews.com,Female,162.76.206.85
384,Hally,Truin,htruinan@guardian.co.uk,Female,234.209.16.73
385,Bendite,Mowsley,bmowsleyao@wunderground.com,Female,115.8.134.228
386,Hurlee,Prigg,hpriggap@alexa.com,Male,92.57.178.218
387,Francois,Lubman,flubmanaq@bbc.co.uk,Male,4.165.119.75
388,Rory,Jakubovicz,rjakuboviczar@time.com,Male,151.62.137.140
389,Ralina,Sustins,rsustinsas@hhs.gov,Female,71.212.95.48
390,Jeremias,Flatte,jflatteat@ibm.com,Male,172.252.70.208
391,Jessie,MacGilmartin,jmacgilmartinau@hhs.gov,Male,139.137.146.166
392,Huntley,Coppins,hcoppinsav@goodreads.com,Male,191.248.143.58
393,Juan,Midlane,jmidlaneaw@google.ru,Male,250.68.117.82
394,Barry,Phuprate,bphuprateax@redcross.org,Male,141.109.60.123
395,Lucinda,Delacourt,ldelacourtay@eventbrite.com,Female,79.168.47.37
396,Gertruda,Evill,gevillaz@technorati.com,Female,48.149.216.202
397,Sheelagh,Varlow,svarlowb0@storify.com,Female,174.0.200.100
398,Leigh,Wheelwright,lwheelwrightb1@cisco.com,Female,241.49.190.190
399,Giovanni,Korneluk,gkornelukb2@home.pl,Male,45.244.4.249
400,Trey,Laing,tlaingb3@businessweek.com,Male,188.173.110.179
401,Morgana,Parkisson,mparkissonb4@omniture.com,Female,159.245.96.58
402,Flory,Pickover,fpickoverb5@wisc.edu,Female,249.164.202.162
403,Fraser,Norley,fnorleyb6@hhs.gov,Male,252.152.139.214
404,Allan,Gooden,agoodenb7@cnn.com,Male,243.102.1.208
405,Jane,Marquand,jmarquandb8@cdbaby.com,Female,41.162.168.46
406,Rachael,Coneley,rconeleyb9@sphinn.com,Female,85.190.86.145
407,Lu,Dondon,ldondonba@about.me,Female,152.219.182.170
408,Thomas,Lefeuvre,tlefeuvrebb@msu.edu,Male,149.108.66.217
409,Yanaton,Wynrahame,ywynrahamebc@usda.gov,Male,108.63.1.6
410,Fabien,Flecknoe,fflecknoebd@aol.com,Male,245.33.162.216
411,Annmaria,Filippone,afilipponebe@w3.org,Female,163.133.62.62
412,Allin,Kleinplac,akleinplacbf@deliciousdays.com,Male,228.66.147.109
413,Lucienne,Castleman,lcastlemanbg@ftc.gov,Female,162.214.35.140
414,Bryce,Turpey,bturpeybh@bigcartel.com,Male,47.156.255.78
415,Muhammad,Athow,mathowbi@mediafire.com,Male,226.91.67.197
416,Teodoor,Carhart,tcarhartbj@newyorker.com,Male,226.55.207.199
417,Rubin,Weymont,rweymontbk@jigsy.com,Male,111.134.139.26
418,Beulah,Souttar,bsouttarbl@baidu.com,Female,47.162.247.188
419,Bogey,Gage,bgagebm@alibaba.com,Male,231.173.221.99
420,Meryl,Checkley,mcheckleybn@wiley.com,Female,170.24.159.175
421,Junie,Lefeaver,jlefeaverbo@dyndns.org,Female,50.187.4.12
422,Gerek,Yarrall,gyarrallbp@pagesperso-orange.fr,Male,93.174.216.141
423,Sumner,Soonhouse,ssoonhousebq@gov.uk,Male,73.74.45.124
424,Griff,Baldassi,gbaldassibr@ning.com,Male,177.182.199.22
425,Guillaume,Polden,gpoldenbs@nifty.com,Male,90.124.72.151
426,Freddie,Rivenzon,frivenzonbt@cornell.edu,Female,156.224.157.113
427,Nada,Crauford,ncraufordbu@storify.com,Female,247.60.130.246
428,Xymenes,Engeham,xengehambv@google.es,Male,77.80.200.230
429,Murvyn,Pietesch,mpieteschbw@techcrunch.com,Male,199.37.95.248
430,Ives,Jehaes,ijehaesbx@google.cn,Male,164.125.76.60
431,Nina,Paling,npalingby@vk.com,Female,21.83.27.234
432,Swen,Sarfat,ssarfatbz@timesonline.co.uk,Male,185.64.36.3
433,Mella,Trevaskus,mtrevaskusc0@163.com,Female,253.52.171.12
434,Donnamarie,Kretchmer,dkretchmerc1@utexas.edu,Female,195.192.139.107
435,Seth,Laurie,slauriec2@sciencedirect.com,Male,193.149.5.134
436,Sebastiano,O'Heagertie,soheagertiec3@elegantthemes.com,Male,16.136.44.203
437,Garwood,Beechcraft,gbeechcraftc4@cafepress.com,Male,76.53.45.224
438,Graig,Mallinson,gmallinsonc5@narod.ru,Male,205.221.223.163
439,Pierce,Urridge,purridgec6@webeden.co.uk,Male,204.34.241.226
440,Guinna,Osbaldeston,gosbaldestonc7@usda.gov,Female,232.40.134.143
441,Cly,Padula,cpadulac8@t.co,Male,113.61.232.171
442,Mufi,Posen,mposenc9@vistaprint.com,Female,21.86.28.199
443,Loralyn,Bediss,lbedissca@blogspot.com,Female,69.175.41.188
444,Bernetta,Dogg,bdoggcb@phpbb.com,Female,216.203.111.63
445,Horacio,Laundon,hlaundoncc@pagesperso-orange.fr,Male,102.41.102.95
446,Mehetabel,Stinson,mstinsoncd@cisco.com,Female,109.45.0.208
447,Phillie,Ottewill,pottewillce@dagondesign.com,Female,145.33.248.5
448,Moss,Horstead,mhorsteadcf@weather.com,Male,90.127.117.85
449,Aldous,Wyman,awymancg@imgur.com,Male,22.156.179.177
450,Erl,Lenden,elendench@virginia.edu,Male,24.192.176.132
451,Reina,Arrow,rarrowci@edublogs.org,Female,15.69.83.25
452,Poppy,Ferronet,pferronetcj@blog.com,Female,85.18.162.134
453,Nissie,Cadany,ncadanyck@nifty.com,Female,110.252.208.85
454,Katti,Landal,klandalcl@fda.gov,Female,43.241.107.154
455,Kev,Ausiello,kausiellocm@whitehouse.gov,Male,27.26.136.109
456,Kermy,Collin,kcollincn@bandcamp.com,Male,97.129.33.139
457,Berrie,Ashmole,bashmoleco@bloomberg.com,Female,9.250.167.55
458,Isaiah,Pryke,iprykecp@canalblog.com,Male,140.213.106.80
459,Linell,Slowgrave,lslowgravecq@phoca.cz,Female,149.178.172.148
460,Calvin,Lipman,clipmancr@ca.gov,Male,102.242.106.98
461,Jard,Heino,jheinocs@drupal.org,Male,83.224.53.210
462,Izak,Kerwin,ikerwinct@cnbc.com,Male,110.50.164.201
463,Cammy,Kohtler,ckohtlercu@networkadvertising.org,Female,32.108.175.150
464,Kevan,Dimitriades,kdimitriadescv@examiner.com,Male,146.47.129.250
465,Diahann,De Ferrari,ddeferraricw@fema.gov,Female,43.253.61.104
466,Stillman,Darragon,sdarragoncx@vimeo.com,Male,21.19.29.229
467,Stacee,Yeiles,syeilescy@toplist.cz,Female,89.254.142.178
468,Riki,Krysztowczyk,rkrysztowczykcz@smugmug.com,Female,42.51.4.215
469,Ailsun,Pavel,apaveld0@instagram.com,Female,66.190.94.103
470,Loutitia,Mulcahy,lmulcahyd1@imgur.com,Female,48.25.87.12
471,Cirstoforo,Welberry,cwelberryd2@uol.com.br,Male,208.8.233.145
472,Eal,Gebhardt,egebhardtd3@quantcast.com,Male,175.47.110.132
473,Papagena,Golby,pgolbyd4@rediff.com,Female,154.146.111.231
474,Ernestus,Caines,ecainesd5@tinyurl.com,Male,199.45.46.239
475,Dermot,Pendrigh,dpendrighd6@merriam-webster.com,Male,118.70.38.32
476,Andrea,Maudett,amaudettd7@elpais.com,Male,213.236.242.67
477,Gunter,Morando,gmorandod8@elegantthemes.com,Male,40.183.55.171
478,Amye,Bruyns,abruynsd9@adobe.com,Female,81.7.222.209
479,Mirella,Abramovitch,mabramovitchda@stumbleupon.com,Female,147.252.154.163
480,Mallissa,Augustus,maugustusdb@cornell.edu,Female,79.29.81.143
481,Fulton,Bassill,fbassilldc@sogou.com,Male,207.93.239.196
482,Dominic,Woolmington,dwoolmingtondd@posterous.com,Male,192.87.45.7
483,Blinni,Luckie,bluckiede@independent.co.uk,Female,85.210.117.48
484,Gertrudis,Fontaine,gfontainedf@joomla.org,Female,109.18.45.236
485,Della,Brunelleschi,dbrunelleschidg@cocolog-nifty.com,Female,128.192.7.115
486,Rachael,de Copeman,rdecopemandh@w3.org,Female,101.32.77.2
487,Dennis,Pavlovsky,dpavlovskydi@ihg.com,Male,45.64.129.242
488,Babita,Sivier,bsivierdj@ning.com,Female,182.112.123.103
489,Ches,Adam,cadamdk@1688.com,Male,153.5.54.85
490,Frieda,De Miranda,fdemirandadl@weather.com,Female,110.141.185.228
491,Dalila,Foulstone,dfoulstonedm@state.gov,Female,185.92.180.36
492,Micaela,Duinkerk,mduinkerkdn@mapy.cz,Female,98.199.186.50
493,Oran,Thackwray,othackwraydo@bing.com,Male,55.139.189.210
494,Maxy,Huband,mhubanddp@wikipedia.org,Male,72.99.154.48
495,Elyssa,Infante,einfantedq@illinois.edu,Female,235.36.173.245
496,Frasquito,Dolohunty,fdolohuntydr@barnesandnoble.com,Male,10.12.181.41
497,Layney,Sedgwick,lsedgwickds@bloglines.com,Female,165.158.224.24
498,Lyon,Sparrow,lsparrowdt@nih.gov,Male,220.225.199.238
499,Norrie,Mapstone,nmapstonedu@creativecommons.org,Female,5.59.0.215
500,Morty,Silvester,msilvesterdv@hp.com,Male,252.219.201.0
501,Ursa,Tissell,utisselldw@infoseek.co.jp,Female,82.43.189.244
502,Marv,Tipping,mtippingdx@squidoo.com,Male,226.72.215.31
503,Lowe,Shanahan,lshanahandy@networksolutions.com,Male,104.222.9.16
504,Marlee,Hazlegrove,mhazlegrovedz@simplemachines.org,Female,164.10.145.84
505,Allissa,Houldey,ahouldeye0@spiegel.de,Female,73.194.140.151
506,Aguste,Skelington,askelingtone1@xinhuanet.com,Male,238.207.7.47
507,Lucinda,Isaac,lisaace2@microsoft.com,Female,5.118.214.79
508,Quillan,Dimitrijevic,qdimitrijevice3@g.co,Male,40.115.243.48
509,Prescott,Ormond,pormonde4@netscape.com,Male,151.74.210.12
510,Sibel,Dmitriev,sdmitrieve5@geocities.jp,Female,12.105.241.63
511,Darrelle,Wilfinger,dwilfingere6@t-online.de,Female,134.242.59.108
512,Inna,Pinney,ipinneye7@samsung.com,Female,132.115.146.229
513,Eba,Egleton,eegletone8@nationalgeographic.com,Female,148.9.161.142
514,Lora,Scales,lscalese9@php.net,Female,85.235.63.181
515,Rona,Eddie,reddieea@nyu.edu,Female,11.43.150.85
516,Jackie,Mattiato,jmattiatoeb@github.io,Female,174.99.235.5
517,Iain,Tuckerman,ituckermanec@unicef.org,Male,55.4.193.67
518,Reidar,Mico,rmicoed@ed.gov,Male,77.46.132.247
519,Elisabeth,Hurtado,ehurtadoee@smh.com.au,Female,181.36.86.232
520,Milena,Haddrell,mhaddrellef@earthlink.net,Female,228.42.87.182
521,Lurline,Blackaller,lblackallereg@delicious.com,Female,15.140.95.254
522,Padraic,Bresson,pbressoneh@utexas.edu,Male,210.228.10.78
523,Cort,Richens,crichensei@paypal.com,Male,53.212.94.249
524,Daisi,Beckinsale,dbeckinsaleej@independent.co.uk,Female,79.172.124.47
525,Jade,Aspling,jasplingek@netvibes.com,Female,168.87.208.67
526,Wit,Sines,wsinesel@constantcontact.com,Male,179.149.17.145
527,Beverlee,Gallager,bgallagerem@mapy.cz,Female,15.232.49.192
528,Weber,Gymblett,wgymbletten@google.com.hk,Male,145.98.116.159
529,Nap,Freeth,nfreetheo@indiatimes.com,Male,47.127.165.86
530,Abraham,Plumb,aplumbep@amazonaws.com,Male,183.159.143.225
531,Jamal,Fraczek,jfraczekeq@pen.io,Male,122.94.47.246
532,Elmer,Sephton,esephtoner@google.nl,Male,199.49.78.201
533,Moise,Tompkins,mtompkinses@marketwatch.com,Male,116.30.46.154
534,Rube,Hindrich,rhindrichet@taobao.com,Male,90.203.173.70
535,Veradis,Ardling,vardlingeu@stanford.edu,Female,252.18.6.24
536,Alleen,Simonin,asimoninev@springer.com,Female,212.170.99.221
537,Martguerita,Kenington,mkeningtonew@scientificamerican.com,Female,73.67.239.75
538,Christiane,Syde,csydeex@nps.gov,Female,208.195.95.63
539,Howard,Cruickshank,hcruickshankey@studiopress.com,Male,191.45.102.185
540,Marga,Burnup,mburnupez@google.com,Female,85.172.132.47
541,Erminie,Bysouth,ebysouthf0@squarespace.com,Female,144.89.227.225
542,Wash,Clows,wclowsf1@china.com.cn,Male,2.233.136.104
543,Darius,Cortese,dcortesef2@ucoz.ru,Male,103.117.204.11
544,Loy,Metham,lmethamf3@bluehost.com,Male,211.70.175.147
545,Dorri,Hinrichs,dhinrichsf4@pagesperso-orange.fr,Female,72.188.117.47
546,Harcourt,Glasard,hglasardf5@abc.net.au,Male,7.78.215.48
547,Kally,Parman,kparmanf6@google.com,Female,51.44.129.205
548,Nita,Illingsworth,nillingsworthf7@walmart.com,Female,148.220.153.8
549,Lorinda,Grafton,lgraftonf8@livejournal.com,Female,65.1.205.43
550,Henrie,Terram,hterramf9@google.pl,Female,50.12.246.87
551,Adelaide,Records,arecordsfa@virginia.edu,Female,243.61.180.231
552,Amory,Lortz,alortzfb@google.com.au,Male,184.96.184.46
553,Kalindi,McRill,kmcrillfc@geocities.com,Female,56.100.127.144
554,Clem,Gilli,cgillifd@icio.us,Female,80.244.65.199
555,Wally,Spragg,wspraggfe@theatlantic.com,Female,100.122.84.143
556,Farlee,Soles,fsolesff@ftc.gov,Male,221.71.32.115
557,Chastity,Lardiner,clardinerfg@wordpress.org,Female,122.78.136.37
558,Constancy,Ratray,cratrayfh@senate.gov,Female,115.250.117.158
559,Cyndia,Noe,cnoefi@ucoz.com,Female,178.70.151.217
560,Shadow,Farnin,sfarninfj@ted.com,Male,80.49.185.143
561,Bryn,Roseaman,broseamanfk@netlog.com,Female,254.29.218.168
562,Terri,Yeowell,tyeowellfl@nih.gov,Male,193.246.176.217
563,Buddy,Looby,bloobyfm@dagondesign.com,Male,4.164.57.174
564,Ermin,Deuss,edeussfn@gizmodo.com,Male,89.196.250.87
565,Vivianna,Smitten,vsmittenfo@theglobeandmail.com,Female,169.110.174.210
566,Mac,Dungee,mdungeefp@instagram.com,Male,232.111.232.158
567,Lon,McMurty,lmcmurtyfq@hp.com,Male,197.168.225.76
568,Shirlee,Dinnington,sdinningtonfr@uol.com.br,Female,84.142.119.155
569,Beilul,Tows,btowsfs@g.co,Female,185.222.34.20
570,Loraine,Dowall,ldowallft@dyndns.org,Female,97.200.7.65
571,Allie,Lean,aleanfu@google.nl,Female,180.77.120.195
572,Chic,Caesmans,ccaesmansfv@e-recht24.de,Male,218.122.155.148
573,Jasmin,Code,jcodefw@state.gov,Female,175.209.1.35
574,Reilly,Oakly,roaklyfx@fotki.com,Male,166.114.220.224
575,Adora,Lomond,alomondfy@bing.com,Female,138.14.69.71
576,Taryn,Hanmer,thanmerfz@feedburner.com,Female,39.83.247.148
577,Hector,Baxandall,hbaxandallg0@cnet.com,Male,25.184.53.103
578,Kimberli,Orrom,korromg1@gov.uk,Female,183.70.21.224
579,Alvis,Kirkwood,akirkwoodg2@google.cn,Male,10.71.124.11
580,Keri,Purser,kpurserg3@usda.gov,Female,126.155.81.19
581,Whitney,Fauning,wfauningg4@pinterest.com,Male,149.68.13.126
582,Tymothy,Riley,trileyg5@1688.com,Male,5.70.252.35
583,Art,Hembry,ahembryg6@typepad.com,Male,133.31.72.37
584,Devina,Chater,dchaterg7@myspace.com,Female,140.254.108.103
585,Harman,Middlemass,hmiddlemassg8@dyndns.org,Male,10.109.66.215
586,Raychel,Pharro,rpharrog9@cisco.com,Female,205.81.76.32
587,Jehu,Gobert,jgobertga@washingtonpost.com,Male,180.184.46.192
588,Cindi,Millery,cmillerygb@spotify.com,Female,178.151.194.253
589,Scarlet,Baruch,sbaruchgc@histats.com,Female,33.109.155.14
590,Martie,McTurley,mmcturleygd@sciencedirect.com,Female,124.113.232.1
591,Booth,O'Cullinane,bocullinanege@wix.com,Male,23.155.210.38
592,Griselda,Blunkett,gblunkettgf@bloglines.com,Female,57.202.239.174
593,Colette,Dumbleton,cdumbletongg@hostgator.com,Female,98.165.248.4
594,Danika,Baskeyfied,dbaskeyfiedgh@netlog.com,Female,130.42.6.75
595,Earl,Northgraves,enorthgravesgi@phpbb.com,Male,102.78.180.56
596,Lauraine,Lethbrig,llethbriggj@com.com,Female,69.107.250.189
597,Nester,Butland,nbutlandgk@netlog.com,Male,136.66.73.149
598,Dalli,Benoiton,dbenoitongl@naver.com,Male,247.20.230.160
599,Heddie,Casaletto,hcasalettogm@exblog.jp,Female,5.158.121.129
600,Martelle,Parbrook,mparbrookgn@berkeley.edu,Female,57.86.166.9
601,Talbot,Feldmann,tfeldmanngo@goo.ne.jp,Male,119.109.81.107
602,Doralynn,Rees,dreesgp@digg.com,Female,211.27.10.223
603,Salem,McCaig,smccaiggq@exblog.jp,Male,208.169.48.158
604,Babb,Morfield,bmorfieldgr@netscape.com,Female,1.165.229.136
605,Aleta,Dwyer,adwyergs@accuweather.com,Female,171.85.17.218
606,Minor,Lorey,mloreygt@wunderground.com,Male,40.232.198.198
607,Adriano,Sigert,asigertgu@youku.com,Male,163.191.142.219
608,Stu,Winston,swinstongv@blogs.com,Male,105.62.19.126
609,Jarib,Beeble,jbeeblegw@wikipedia.org,Male,165.51.141.4
610,Jenn,Jorat,jjoratgx@biblegateway.com,Female,230.87.146.149
611,Gael,Jewitt,gjewittgy@boston.com,Female,179.251.25.125
612,Aubrey,Cains,acainsgz@cbsnews.com,Male,49.15.61.171
613,Clarence,Delleschi,cdelleschih0@drupal.org,Male,24.181.29.124
614,Boyd,Turford,bturfordh1@goo.gl,Male,175.243.141.63
615,Mohandas,Freeth,mfreethh2@4shared.com,Male,124.60.33.135
616,Kimble,Kibbe,kkibbeh3@wikispaces.com,Male,67.61.43.172
617,Katalin,Park,kparkh4@i2i.jp,Female,59.150.208.115
618,Jermain,Greenroa,jgreenroah5@tinypic.com,Male,229.8.102.212
619,Delainey,Lawrie,dlawrieh6@artisteer.com,Male,123.99.113.88
620,Ax,Antwis,aantwish7@gmpg.org,Male,26.193.189.62
621,Rafferty,McCoughan,rmccoughanh8@gov.uk,Male,142.156.212.162
622,Jackqueline,Clac,jclach9@virginia.edu,Female,153.41.194.211
623,Tami,Snelgrove,tsnelgroveha@umich.edu,Female,143.83.51.146
624,Lorilee,Quaif,lquaifhb@miitbeian.gov.cn,Female,240.232.18.144
625,Dewey,Good,dgoodhc@gov.uk,Male,157.84.122.144
626,Wald,Mitchall,wmitchallhd@blogspot.com,Male,196.221.158.189
627,Elene,Steade,esteadehe@ucoz.com,Female,129.30.18.24
628,Fifi,Tebbett,ftebbetthf@merriam-webster.com,Female,186.78.221.179
629,Camile,Aloshechkin,caloshechkinhg@tuttocitta.it,Female,241.1.56.11
630,Chan,Holstein,cholsteinhh@yellowpages.com,Male,35.147.224.191
631,Myrle,Stenson,mstensonhi@google.cn,Female,147.87.89.116
632,Ritchie,Pamment,rpammenthj@163.com,Male,5.62.251.253
633,Urbano,Stodhart,ustodharthk@ask.com,Male,209.1.157.90
634,Deena,Phelan,dphelanhl@newsvine.com,Female,207.52.133.130
635,Kellie,Cufley,kcufleyhm@japanpost.jp,Female,83.22.10.152
636,Quint,Yanson,qyansonhn@sciencedirect.com,Male,183.24.28.133
637,Carlyle,Eakle,ceakleho@i2i.jp,Male,243.65.40.218
638,Gunther,Carabet,gcarabethp@photobucket.com,Male,137.69.91.187
639,Son,Toupe,stoupehq@parallels.com,Male,148.227.249.143
640,Jone,Leser,jleserhr@census.gov,Male,230.153.1.238
641,Mead,Blampy,mblampyhs@technorati.com,Male,79.41.11.220
642,Antoni,Ende,aendeht@slate.com,Male,81.197.75.232
643,Peg,Cumberpatch,pcumberpatchhu@si.edu,Female,61.226.10.17
644,Kelsey,Lagde,klagdehv@constantcontact.com,Male,159.105.183.213
645,Jacky,Loynes,jloyneshw@google.co.jp,Female,69.1.134.226
646,Drusy,Huie,dhuiehx@epa.gov,Female,12.133.157.165
647,Ellissa,Ramsbottom,eramsbottomhy@youtube.com,Female,60.31.131.185
648,Melodee,Gillitt,mgillitthz@pinterest.com,Female,146.221.233.69
649,Curry,McCowan,cmccowani0@mlb.com,Male,18.48.184.83
650,Martina,Fulks,mfulksi1@washingtonpost.com,Female,222.234.73.64
651,Cordy,Heathfield,cheathfieldi2@bandcamp.com,Female,196.60.22.230
652,Kristi,Orrick,korricki3@wix.com,Female,21.242.42.27
653,Bayard,Hatherley,bhatherleyi4@toplist.cz,Male,196.205.253.163
654,Ave,Pouton,apoutoni5@clickbank.net,Male,129.90.4.85
655,Emile,Phillcock,ephillcocki6@scientificamerican.com,Male,88.80.16.115
656,Bartlett,Balderstone,bbalderstonei7@yale.edu,Male,94.206.20.8
657,Marcel,Shorton,mshortoni8@tinyurl.com,Male,225.232.210.220
658,Erin,O'Cahill,eocahilli9@bbb.org,Male,92.195.197.169
659,Lani,Gannaway,lgannawayia@vistaprint.com,Female,208.71.11.167
660,Archie,Skews,askewsib@accuweather.com,Male,2.69.128.209
661,Martin,Durnall,mdurnallic@mashable.com,Male,78.170.206.26
662,Ruprecht,Cordle,rcordleid@virginia.edu,Male,85.137.233.206
663,Jacenta,Bexley,jbexleyie@etsy.com,Female,133.153.11.210
664,Julina,Ginglell,jginglellif@mysql.com,Female,207.210.228.9
665,Tobie,Meaddowcroft,tmeaddowcroftig@bloglovin.com,Male,81.173.152.234
666,Leo,Chatelain,lchatelainih@businessweek.com,Male,170.86.4.239
667,Burk,Kettoe,bkettoeii@yandex.ru,Male,75.194.244.187
668,Tricia,Shottin,tshottinij@dmoz.org,Female,87.30.110.219
669,Emelina,Sporner,espornerik@yellowbook.com,Female,245.218.166.102
670,Evangeline,Hosby,ehosbyil@nifty.com,Female,151.16.138.198
671,Tobye,Pashenkov,tpashenkovim@bloomberg.com,Female,167.187.9.7
672,Any,Lots,alotsin@smugmug.com,Male,100.219.187.62
673,Cosimo,Cambling,ccamblingio@blogger.com,Male,241.58.134.240
674,Hillier,Cheales,hchealesip@histats.com,Male,15.76.36.214
675,Carce,Giraudo,cgiraudoiq@un.org,Male,35.160.187.85
676,Jasmina,Brettor,jbrettorir@hibu.com,Female,31.184.161.224
677,Stanly,Hedau,shedauis@scientificamerican.com,Male,141.218.86.9
678,Madison,Breydin,mbreydinit@wordpress.com,Male,240.114.10.194
679,Tessie,Pascall,tpascalliu@scientificamerican.com,Female,196.41.149.72
680,Dalli,Mertgen,dmertgeniv@forbes.com,Male,205.96.113.237
681,Harlin,Annatt,hannattiw@com.com,Male,12.173.242.130
682,Tania,Crips,tcripsix@mapy.cz,Female,154.165.92.188
683,Niki,Gladdin,ngladdiniy@ox.ac.uk,Male,10.12.168.78
684,Moise,Alldridge,malldridgeiz@whitehouse.gov,Male,52.111.237.73
685,Sinclair,Fortun,sfortunj0@foxnews.com,Male,176.203.56.125
686,Gerrie,Tonkin,gtonkinj1@google.ru,Male,142.120.48.155
687,Coraline,Virgo,cvirgoj2@addthis.com,Female,202.122.228.77
688,Cary,Guerriero,cguerrieroj3@lulu.com,Male,198.33.185.209
689,Marney,Derham,mderhamj4@skyrock.com,Female,25.158.16.168
690,Darcee,Howerd,dhowerdj5@smugmug.com,Female,187.170.14.192
691,Rheba,Tregear,rtregearj6@go.com,Female,194.38.81.120
692,Bobby,Thwaite,bthwaitej7@ameblo.jp,Female,224.39.133.173
693,Hedwiga,Adelberg,hadelbergj8@census.gov,Female,150.62.59.141
694,Nona,Dutteridge,ndutteridgej9@slate.com,Female,170.144.140.190
695,Florina,Crusham,fcrushamja@gizmodo.com,Female,61.66.169.66
696,Toddy,Satterfitt,tsatterfittjb@free.fr,Male,98.14.102.151
697,Hi,Litster,hlitsterjc@tinypic.com,Male,188.56.193.190
698,Israel,Gorling,igorlingjd@goo.gl,Male,153.253.133.111
699,Trumann,McMorran,tmcmorranje@123-reg.co.uk,Male,130.100.4.39
700,Octavius,Lapham,olaphamjf@technorati.com,Male,169.222.23.236
701,Bale,Bowgen,bbowgenjg@disqus.com,Male,255.45.17.8
702,Emmey,Putterill,eputterilljh@yellowpages.com,Female,12.91.177.19
703,Klement,Carnelley,kcarnelleyji@walmart.com,Male,90.57.56.245
704,Alis,Stayt,astaytjj@squidoo.com,Female,114.186.119.227
705,Marita,Crumpton,mcrumptonjk@tripadvisor.com,Female,200.167.168.229
706,Bernie,Gladdis,bgladdisjl@hao123.com,Female,121.201.144.103
707,Aguie,Bossom,abossomjm@mapquest.com,Male,182.70.27.224
708,Rolf,Fulle,rfullejn@yellowpages.com,Male,60.61.162.89
709,Pepillo,Ryson,prysonjo@usgs.gov,Male,170.71.21.166
710,Sheffy,Romanski,sromanskijp@house.gov,Male,222.19.125.185
711,Julianne,Prester,jpresterjq@google.com,Female,178.36.9.102
712,Peadar,Milliere,pmillierejr@phpbb.com,Male,13.217.125.185
713,Bay,Whipple,bwhipplejs@rambler.ru,Male,11.76.186.45
714,Sol,Devanny,sdevannyjt@state.tx.us,Male,9.238.174.137
715,Isaiah,Heistermann,iheistermannju@rediff.com,Male,97.208.184.18
716,Garwood,Edleston,gedlestonjv@independent.co.uk,Male,153.212.120.89
717,Albrecht,Collingdon,acollingdonjw@toplist.cz,Male,192.24.89.243
718,Ravid,Keatch,rkeatchjx@census.gov,Male,31.236.190.244
719,Dianne,Leacock,dleacockjy@ftc.gov,Female,189.69.204.130
720,Alvinia,Claypole,aclaypolejz@wp.com,Female,252.186.93.230
721,Maximilian,Stack,mstackk0@webs.com,Male,91.204.189.94
722,Finn,Tellenbach,ftellenbachk1@nydailynews.com,Male,167.229.146.118
723,Tuesday,McLewd,tmclewdk2@google.fr,Female,42.245.107.1
724,Bank,McGhee,bmcgheek3@freewebs.com,Male,58.165.140.25
725,Devland,Gilkison,dgilkisonk4@google.co.uk,Male,40.52.150.192
726,Aleece,Aylott,aaylottk5@yahoo.co.jp,Female,150.164.200.217
727,Casandra,Billborough,cbillboroughk6@uiuc.edu,Female,204.10.104.179
728,Herb,Abrashkin,habrashkink7@hud.gov,Male,103.137.179.55
729,Terra,Given,tgivenk8@example.com,Female,26.186.148.45
730,Micheil,Tayspell,mtayspellk9@ifeng.com,Male,35.245.48.42
731,Mureil,Gurry,mgurryka@phoca.cz,Female,134.163.43.48
732,Aldwin,McQueen,amcqueenkb@sourceforge.net,Male,169.52.52.95
733,Gwenneth,O'Connel,goconnelkc@tinypic.com,Female,65.238.129.220
734,Gay,Laboune,glabounekd@qq.com,Female,160.191.231.51
735,Darryl,Starten,dstartenke@mlb.com,Male,90.201.184.74
736,Almira,Farley,afarleykf@google.nl,Female,234.159.208.114
737,Gayel,Wheeldon,gwheeldonkg@tiny.cc,Female,131.121.167.48
738,Shelly,Otley,sotleykh@bloglines.com,Female,137.5.137.230
739,Carla,McMurrugh,cmcmurrughki@devhub.com,Female,190.41.82.206
740,Rick,Kluge,rklugekj@symantec.com,Male,65.212.43.231
741,Ray,Bruno,rbrunokk@reuters.com,Female,43.29.114.210
742,Zandra,Scroxton,zscroxtonkl@businessweek.com,Female,153.121.112.150
743,Paige,Conre,pconrekm@eventbrite.com,Male,67.92.229.171
744,Avrit,Geely,ageelykn@ycombinator.com,Female,237.67.41.216
745,Reggie,Banasik,rbanasikko@edublogs.org,Female,6.232.119.152
746,Florina,Carrabott,fcarrabottkp@reuters.com,Female,55.241.197.21
747,Georgeanne,Knok,gknokkq@livejournal.com,Female,149.29.227.175
748,Carmelle,Giovannardi,cgiovannardikr@blog.com,Female,139.207.234.175
749,Remington,Kimberley,rkimberleyks@hubpages.com,Male,42.73.172.197
750,Gisela,Stutte,gstuttekt@tamu.edu,Female,248.116.45.218
751,Vivien,Chung,vchungku@123-reg.co.uk,Female,132.60.222.7
752,Monika,Plewes,mpleweskv@yelp.com,Female,91.6.206.227
753,Kaitlyn,Petrichat,kpetrichatkw@about.me,Female,108.177.237.230
754,Florette,Kingstne,fkingstnekx@cam.ac.uk,Female,82.198.239.170
755,Saloma,Redfield,sredfieldky@etsy.com,Female,108.207.143.24
756,Alexia,Rehm,arehmkz@howstuffworks.com,Female,195.223.187.135
757,Jobi,Arran,jarranl0@cargocollective.com,Female,121.166.48.23
758,Garwin,Shimony,gshimonyl1@tmall.com,Male,67.226.1.112
759,Caddric,Sarsons,csarsonsl2@about.com,Male,245.160.145.240
760,Rubia,Filisov,rfilisovl3@illinois.edu,Female,214.157.113.201
761,Carmelia,Leggs,cleggsl4@ovh.net,Female,229.165.202.254
762,Gualterio,Leeburn,gleeburnl5@dedecms.com,Male,239.248.207.231
763,Ruy,Arlow,rarlowl6@msu.edu,Male,249.24.58.92
764,Haydon,Attryde,hattrydel7@instagram.com,Male,61.187.221.174
765,Katherine,Lindwall,klindwalll8@mediafire.com,Female,195.219.173.78
766,Rochette,O'Hear,rohearl9@gnu.org,Female,69.154.229.226
767,Larissa,Chinnock,lchinnockla@amazon.co.uk,Female,217.121.241.196
768,Jon,Savoury,jsavourylb@comsenz.com,Male,22.224.223.216
769,Brunhilda,Orteaux,borteauxlc@icio.us,Female,101.55.67.248
770,Rafaela,Lanyon,rlanyonld@hibu.com,Female,67.126.152.93
771,Joseito,Grenshiels,jgrenshielsle@reverbnation.com,Male,52.10.95.39
772,Flossy,Tolossi,ftolossilf@aboutads.info,Female,47.173.79.161
773,Ebenezer,Gozzard,egozzardlg@behance.net,Male,0.135.35.74
774,Diego,Pozzi,dpozzilh@mediafire.com,Male,30.97.108.196
775,Melamie,Bene,mbeneli@blogspot.com,Female,176.83.73.49
776,Herb,Velte,hveltelj@sourceforge.net,Male,8.165.63.68
777,Gregoor,Bagnold,gbagnoldlk@wordpress.org,Male,157.28.12.159
778,Tobe,Flieg,tfliegll@shinystat.com,Male,249.38.94.132
779,Zaccaria,Broggio,zbroggiolm@csmonitor.com,Male,134.202.107.48
780,Eula,Romagosa,eromagosaln@nature.com,Female,92.48.148.36
781,Moll,Cortnay,mcortnaylo@phoca.cz,Female,109.104.235.123
782,Alyssa,Faire,afairelp@geocities.jp,Female,200.80.82.22
783,Richy,Trail,rtraillq@51.la,Male,130.23.130.218
784,Elisha,MacCaughey,emaccaugheylr@cocolog-nifty.com,Female,88.119.163.214
785,Elisabet,Alyukin,ealyukinls@amazon.de,Female,24.145.153.75
786,Daniel,Comer,dcomerlt@newyorker.com,Male,35.214.254.219
787,Tonnie,Glading,tgladinglu@washington.edu,Male,250.61.20.114
788,Angelina,Kirmond,akirmondlv@behance.net,Female,234.54.103.220
789,Marilyn,Welbelove,mwelbelovelw@gmpg.org,Female,207.140.65.142
790,Kordula,Bridgewood,kbridgewoodlx@shareasale.com,Female,170.104.9.138
791,Joelly,Addionisio,jaddionisioly@ebay.com,Female,165.211.150.33
792,Antoinette,Heddon,aheddonlz@berkeley.edu,Female,107.79.41.65
793,Kerrie,O'Sculley,kosculleym0@nba.com,Female,1.188.226.169
794,Thedric,McGarvie,tmcgarviem1@networksolutions.com,Male,39.211.93.90
795,Klemens,Wessell,kwessellm2@infoseek.co.jp,Male,149.240.212.177
796,Miller,Ever,meverm3@nationalgeographic.com,Male,36.225.138.217
797,Marlena,Aughton,maughtonm4@simplemachines.org,Female,204.131.182.123
798,Gaspard,Skipsey,gskipseym5@indiatimes.com,Male,98.36.179.71
799,Mariquilla,Kasman,mkasmanm6@hatena.ne.jp,Female,20.96.224.78
800,Yetty,Kach,ykachm7@dell.com,Female,210.50.28.90
801,Marylee,Branston,mbranstonm8@sohu.com,Female,147.13.217.0
802,Nester,Skace,nskacem9@goo.gl,Male,24.118.174.103
803,Shaine,Kenen,skenenma@boston.com,Female,139.45.90.73
804,Louella,Bache,lbachemb@desdev.cn,Female,24.42.193.142
805,Everard,Dossit,edossitmc@blogger.com,Male,53.221.45.72
806,Tiffanie,Boxer,tboxermd@ycombinator.com,Female,201.155.191.193
807,Percival,Tathacott,ptathacottme@mozilla.com,Male,211.184.44.44
808,Hali,Le Strange,hlestrangemf@disqus.com,Female,19.197.35.249
809,Skye,Meni,smenimg@earthlink.net,Male,143.166.134.152
810,Lauren,Andrich,landrichmh@nsw.gov.au,Female,17.14.228.111
811,Torr,Hartland,thartlandmi@wunderground.com,Male,246.140.186.88
812,Christen,Bolduc,cbolducmj@networksolutions.com,Female,67.250.140.188
813,Rowney,Scrivner,rscrivnermk@istockphoto.com,Male,127.60.197.48
814,Berry,Trengrouse,btrengrouseml@imgur.com,Female,25.211.19.170
815,Ossie,De Bruyn,odebruynmm@joomla.org,Male,218.112.200.166
816,Antonina,Babalola,ababalolamn@omniture.com,Female,224.251.135.86
817,Wayne,Ginnally,wginnallymo@shutterfly.com,Male,201.82.51.139
818,Herby,McKall,hmckallmp@marriott.com,Male,229.8.79.82
819,Rayner,Cecchi,rcecchimq@ifeng.com,Male,58.38.47.208
820,Jillana,Klimkiewich,jklimkiewichmr@pbs.org,Female,88.126.38.15
821,Talbot,Titlow,ttitlowms@amazon.co.uk,Male,222.180.109.250
822,Sean,Geockle,sgeocklemt@twitter.com,Female,191.90.233.45
823,Ingar,Chellam,ichellammu@taobao.com,Male,58.27.13.254
824,Tod,Boram,tborammv@japanpost.jp,Male,174.228.70.220
825,Blondie,Bernardin,bbernardinmw@tinypic.com,Female,62.204.110.74
826,Barby,Collidge,bcollidgemx@bizjournals.com,Female,175.47.15.179
827,Wilhelmina,Wands,wwandsmy@weather.com,Female,209.233.33.245
828,Amalle,Gyenes,agyenesmz@ucla.edu,Female,87.25.85.126
829,Gloria,Peeke,gpeeken0@virginia.edu,Female,18.213.26.148
830,Vivianna,Fairbank,vfairbankn1@nyu.edu,Female,5.37.31.20
831,Domenico,Risen,drisenn2@answers.com,Male,234.191.159.103
832,Flss,Tuma,ftuman3@microsoft.com,Female,100.59.157.45
833,Ewart,Addlestone,eaddlestonen4@webeden.co.uk,Male,58.109.144.209
834,Dawna,Cypler,dcyplern5@mlb.com,Female,62.109.119.56
835,Dosi,Aslin,daslinn6@weebly.com,Female,152.181.128.176
836,Genny,Thundercliffe,gthundercliffen7@last.fm,Female,179.26.158.117
837,Sadye,Dust,sdustn8@spotify.com,Female,78.16.22.203
838,Nixie,Bristow,nbristown9@360.cn,Female,29.25.198.174
839,Phyllida,Reynard,preynardna@japanpost.jp,Female,5.203.160.173
840,Orren,Minors,ominorsnb@marriott.com,Male,36.109.232.150
841,Xenia,Langthorne,xlangthornenc@bbc.co.uk,Female,78.49.90.23
842,Pace,Alleburton,palleburtonnd@oakley.com,Male,230.211.182.214
843,Sidonnie,Saipy,ssaipyne@over-blog.com,Female,49.176.63.138
844,Zolly,Gomm,zgommnf@addthis.com,Male,43.205.231.6
845,Maximilien,Truscott,mtruscottng@cornell.edu,Male,240.232.97.121
846,Jacki,Blackledge,jblackledgenh@tripod.com,Female,102.0.118.184
847,Oralia,Painten,opaintenni@webs.com,Female,45.64.209.152
848,Lianne,Felderer,lfelderernj@latimes.com,Female,23.133.191.104
849,Shalne,Shipman,sshipmannk@miitbeian.gov.cn,Female,152.23.24.143
850,Efrem,Dallywater,edallywaternl@wordpress.org,Male,72.212.4.242
851,Tripp,Stonhard,tstonhardnm@livejournal.com,Male,25.182.115.88
852,Haily,Schustl,hschustlnn@kickstarter.com,Male,196.18.206.129
853,Neile,Sherwill,nsherwillno@quantcast.com,Female,56.116.61.222
854,Niccolo,Kempson,nkempsonnp@opensource.org,Male,19.171.35.200
855,Marijn,Abramow,mabramownq@blinklist.com,Male,26.118.86.116
856,Tiffany,Elis,telisnr@redcross.org,Female,140.157.18.2
857,Shep,Glanders,sglandersns@go.com,Male,83.152.119.222
858,Wayland,Glide,wglident@google.pl,Male,224.218.153.70
859,Ben,Alfonso,balfonsonu@ameblo.jp,Male,184.227.185.147
860,Jobey,Beaze,jbeazenv@gnu.org,Female,64.248.136.213
861,Sherye,Oliva,solivanw@dot.gov,Female,162.164.142.184
862,Demetria,Pittendreigh,dpittendreighnx@usgs.gov,Female,210.160.105.19
863,Shurlock,Oldfield-Cherry,soldfieldcherryny@woothemes.com,Male,83.233.98.104
864,Godart,Frude,gfrudenz@stanford.edu,Male,27.63.41.21
865,Dev,Tebbett,dtebbetto0@ow.ly,Male,147.200.139.227
866,Kristian,Gilbride,kgilbrideo1@cam.ac.uk,Male,120.244.153.239
867,Anselm,Blaase,ablaaseo2@businesswire.com,Male,161.81.222.157
868,Waverly,Bettles,wbettleso3@sitemeter.com,Male,124.115.3.208
869,Rich,Cridlon,rcridlono4@epa.gov,Male,28.127.168.106
870,Hurley,Joincey,hjoinceyo5@google.com.au,Male,115.225.145.49
871,Fair,Slora,fslorao6@twitpic.com,Male,226.63.176.108
872,Marji,Hodgin,mhodgino7@friendfeed.com,Female,197.191.23.224
873,Alvinia,Heintzsch,aheintzscho8@sfgate.com,Female,93.89.95.37
874,Mignon,Rickeard,mrickeardo9@gizmodo.com,Female,151.160.15.67
875,Henri,Solan,hsolanoa@go.com,Male,28.10.155.126
876,Cathryn,Sponer,csponerob@icio.us,Female,41.40.223.30
877,Thurstan,Pinching,tpinchingoc@patch.com,Male,217.135.197.116
878,Tamiko,Gerrels,tgerrelsod@wikipedia.org,Female,140.1.179.240
879,Nerissa,Hartwright,nhartwrightoe@geocities.jp,Female,152.196.184.43
880,Rosco,Curedell,rcuredellof@icio.us,Male,109.216.170.44
881,Tibold,Georgievski,tgeorgievskiog@smugmug.com,Male,205.188.108.99
882,Manda,Learned,mlearnedoh@mtv.com,Female,46.101.183.94
883,Wendeline,O'Fogerty,wofogertyoi@cornell.edu,Female,105.17.227.179
884,Trenton,Deverill,tdeverilloj@qq.com,Male,221.174.189.133
885,Lucias,Roffe,lroffeok@blogger.com,Male,50.66.95.141
886,Donn,Stennard,dstennardol@icio.us,Male,96.84.16.130
887,Mignon,Scouller,mscoullerom@booking.com,Female,1.193.72.189
888,Malia,Shelliday,mshellidayon@army.mil,Female,141.221.13.109
889,Berenice,Felderer,bfeldereroo@comcast.net,Female,129.134.27.111
890,Shel,Earingey,searingeyop@dailymail.co.uk,Female,251.219.217.226
891,Bourke,Worwood,bworwoodoq@mediafire.com,Male,65.20.98.230
892,Charmion,Firebrace,cfirebraceor@marriott.com,Female,165.201.144.232
893,Torrin,Baseley,tbaseleyos@youku.com,Male,25.49.247.42
894,Moyna,Popplewell,mpopplewellot@usgs.gov,Female,81.139.228.236
895,Melissa,Davidof,mdavidofou@who.int,Female,43.177.239.15
896,Wolfy,Frenchum,wfrenchumov@netscape.com,Male,15.3.61.41
897,Grove,Dunlop,gdunlopow@blinklist.com,Male,157.6.66.47
898,Blythe,Fagence,bfagenceox@sakura.ne.jp,Female,238.135.1.209
899,Kerr,Conti,kcontioy@theatlantic.com,Male,37.92.149.147
900,Tiphani,Boliver,tboliveroz@blogs.com,Female,213.52.182.138
901,Harriett,Timny,htimnyp0@myspace.com,Female,137.69.0.232
902,Cristy,Bonnaire,cbonnairep1@tripadvisor.com,Female,34.85.121.112
903,Wandie,Capps,wcappsp2@hatena.ne.jp,Female,99.120.27.101
904,Enid,Akast,eakastp3@networkadvertising.org,Female,203.44.209.47
905,Dulciana,Creaney,dcreaneyp4@ameblo.jp,Female,41.108.16.140
906,Flossy,Wingham,fwinghamp5@is.gd,Female,133.156.75.140
907,Jedidiah,Cunnow,jcunnowp6@symantec.com,Male,204.204.133.13
908,Berrie,Beardwell,bbeardwellp7@forbes.com,Female,135.113.177.51
909,Javier,Bogges,jboggesp8@irs.gov,Male,144.235.116.85
910,Myrtice,Loudwell,mloudwellp9@theguardian.com,Female,241.168.12.121
911,Leelah,Fransemai,lfransemaipa@php.net,Female,168.156.198.219
912,Garrett,Tatford,gtatfordpb@surveymonkey.com,Male,130.26.238.0
913,Etheline,McKeggie,emckeggiepc@is.gd,Female,190.104.223.148
914,Gerhardt,Kerley,gkerleypd@marriott.com,Male,186.251.17.144
915,Ivett,Morrel,imorrelpe@usnews.com,Female,197.127.57.251
916,Brander,Waycot,bwaycotpf@last.fm,Male,93.67.194.30
917,Joete,Kalb,jkalbpg@studiopress.com,Female,169.105.72.62
918,Jervis,Dorricott,jdorricottph@si.edu,Male,153.13.90.142
919,Morgun,Scocroft,mscocroftpi@google.fr,Male,24.68.162.23
920,Ibrahim,Harbertson,iharbertsonpj@e-recht24.de,Male,36.79.57.203
921,Shaina,Richardes,srichardespk@paypal.com,Female,68.165.74.212
922,Ike,Mayhou,imayhoupl@stumbleupon.com,Male,27.130.182.83
923,Claude,Claque,cclaquepm@ycombinator.com,Female,112.219.7.237
924,Ricca,Oselton,roseltonpn@slideshare.net,Female,240.64.195.109
925,Inez,Millott,imillottpo@goo.gl,Female,44.65.36.124
926,Yolanda,Filyaev,yfilyaevpp@uiuc.edu,Female,11.160.51.79
927,Gerome,Grewes,ggrewespq@geocities.jp,Male,91.59.234.16
928,Pryce,Lesper,plesperpr@umn.edu,Male,224.5.231.125
929,Vilhelmina,Fellenor,vfellenorps@quantcast.com,Female,236.223.253.212
930,Belinda,Ardy,bardypt@livejournal.com,Female,59.152.52.180
931,Floyd,Nye,fnyepu@mtv.com,Male,225.98.180.139
932,Bartholomew,Ashman,bashmanpv@wix.com,Male,212.71.237.8
933,Rriocard,Itzkovwitch,ritzkovwitchpw@gizmodo.com,Male,83.91.177.78
934,Allin,Hainning,ahainningpx@devhub.com,Male,227.104.119.252
935,Igor,Deuss,ideusspy@booking.com,Male,144.240.7.120
936,Pincus,Pablos,ppablospz@webmd.com,Male,172.236.103.203
937,Asher,Pescod,apescodq0@blogspot.com,Male,198.170.65.141
938,Garrott,Focke,gfockeq1@w3.org,Male,161.163.145.226
939,Candis,Anstey,cansteyq2@imgur.com,Female,14.132.37.60
940,Timoteo,Ponton,tpontonq3@amazon.com,Male,254.43.211.83
941,Marisa,Macura,mmacuraq4@weather.com,Female,91.245.50.212
942,Roseanna,Gammons,rgammonsq5@blogs.com,Female,234.68.65.198
943,Arlene,Lodwig,alodwigq6@youtube.com,Female,75.125.102.233
944,Cristian,Andretti,candrettiq7@census.gov,Male,252.111.88.250
945,Mollie,Blaszczak,mblaszczakq8@booking.com,Female,210.196.176.166
946,Felizio,Ritchley,fritchleyq9@weather.com,Male,210.69.237.248
947,Wendye,Hamlett,whamlettqa@xing.com,Female,96.33.126.169
948,Tiff,Sallarie,tsallarieqb@accuweather.com,Female,65.34.205.139
949,Anni,Phythean,aphytheanqc@dion.ne.jp,Female,145.147.160.14
950,Emmet,Ardling,eardlingqd@php.net,Male,74.191.253.189
951,Danila,Olin,dolinqe@bbb.org,Female,145.100.191.86
952,Zarah,Gwillyam,zgwillyamqf@google.nl,Female,53.66.41.71
953,Gisele,Dalyiel,gdalyielqg@php.net,Female,178.14.196.28
954,Sondra,Bryceson,sbrycesonqh@wikipedia.org,Female,45.39.5.187
955,Esdras,Alsobrook,ealsobrookqi@gmpg.org,Male,193.218.125.104
956,Orsola,Watkin,owatkinqj@shinystat.com,Female,11.204.51.40
957,Merwin,Royl,mroylqk@homestead.com,Male,8.171.157.61
958,Sascha,Zoanetti,szoanettiql@usnews.com,Male,197.105.200.192
959,Noak,Benwell,nbenwellqm@wufoo.com,Male,162.69.198.232
960,Cammy,Ketchaside,cketchasideqn@t-online.de,Female,183.186.98.251
961,Chicky,Freyn,cfreynqo@technorati.com,Male,146.0.237.255
962,Jodie,Sleit,jsleitqp@sun.com,Male,85.9.106.111
963,Pasquale,Ritchie,pritchieqq@bigcartel.com,Male,164.154.39.214
964,Nehemiah,Schapiro,nschapiroqr@so-net.ne.jp,Male,11.57.14.134
965,Lazar,Casol,lcasolqs@va.gov,Male,66.138.190.21
966,Morse,Edmott,medmottqt@weather.com,Male,169.82.57.51
967,Hanni,Leighfield,hleighfieldqu@dion.ne.jp,Female,133.55.172.149
968,Donia,Manshaw,dmanshawqv@scribd.com,Female,97.163.255.29
969,Herculie,Steynor,hsteynorqw@geocities.com,Male,253.136.175.153
970,Melamie,Ashard,mashardqx@tumblr.com,Female,192.170.101.80
971,Catina,Pattemore,cpattemoreqy@mac.com,Female,162.186.217.101
972,Berty,Markovich,bmarkovichqz@github.com,Female,2.111.153.64
973,Brandie,Christoforou,bchristoforour0@irs.gov,Female,155.48.171.236
974,Cordelie,Outram,coutramr1@cafepress.com,Female,215.111.28.59
975,Marsh,Dodge,mdodger2@fema.gov,Male,201.127.239.188
976,Daloris,Bispham,dbisphamr3@constantcontact.com,Female,34.75.253.5
977,Madella,Sunman,msunmanr4@51.la,Female,214.153.103.55
978,Gwendolen,Springate,gspringater5@rambler.ru,Female,182.98.125.195
979,Palmer,Artharg,parthargr6@time.com,Male,45.101.185.75
980,Christiano,Gytesham,cgyteshamr7@wix.com,Male,188.59.73.162
981,Katinka,Flaherty,kflahertyr8@hugedomains.com,Female,144.53.161.245
982,Kaleena,Mault,kmaultr9@ameblo.jp,Female,25.194.246.231
983,Chrissy,Fibbens,cfibbensra@cmu.edu,Male,60.68.235.46
984,Ives,Vine,ivinerb@intel.com,Male,221.17.211.154
985,Abby,Dormer,adormerrc@blogtalkradio.com,Female,132.232.50.181
986,Nathalie,Packington,npackingtonrd@moonfruit.com,Female,251.230.208.46
987,Cathryn,Jeaycock,cjeaycockre@photobucket.com,Female,156.80.170.140
988,Ermengarde,Grent,egrentrf@toplist.cz,Female,157.202.96.255
989,Greer,Wildman,gwildmanrg@timesonline.co.uk,Female,69.33.27.18
990,Ingram,Boutell,iboutellrh@stumbleupon.com,Male,188.127.182.40
991,Tana,Hinken,thinkenri@stumbleupon.com,Female,12.241.124.60
992,Bettine,Fourmy,bfourmyrj@ovh.net,Female,101.214.118.169
993,Lanie,Atwood,latwoodrk@list-manage.com,Female,30.201.101.201
994,Jeannie,Coburn,jcoburnrl@sourceforge.net,Female,148.66.218.255
995,Holly,Geering,hgeeringrm@economist.com,Male,159.247.184.216
996,Filberto,Cantua,fcantuarn@google.com,Male,60.32.137.134
997,Poul,Fattori,pfattoriro@spotify.com,Male,85.149.34.26
998,Cosme,Saulter,csaulterrp@ucoz.com,Male,232.13.7.240
999,Park,Epinoy,pepinoyrq@comcast.net,Male,238.200.68.189
1000,Vincents,Feveryear,vfeveryearrr@wordpress.com,Male,238.157.90.152
